1,09:30:04.345678,418,GOOG,Open,B,41287,820,P72,5000
2,09:33:11.798654,313,AAPL,Open,S,47779,135.46,P72,5000
3,09:47:09.114630,366,MSFT,Open,S,13580,64.17,P72,5000
4,09:58:10.125829,248,GOOG,Filled,S,17810,829.84,P72,2000
5,10:08:30.378566,348,GOOG,Open,S,24262,773.86,P72,5000
6,10:19:08.554427,24,GOOG,Open,S,19702,831.3,P72,1000
7,10:32:35.387754,441,MSFT,Canceled,S,48576,66.05,P72,5000
8,10:37:51.321154,22,GOOG,Filled,S,43612,818.05,P72,1000
9,10:42:22.841829,333,AAPL,Filled,S,47241,132.75,P72,5000
10,10:47:20.335119,298,AAPL,Canceled,S,27750,142.85,P72,2000
11,10:56:43.920751,476,GOOG,Open,S,24314,777.97,P72,5000
12,11:10:01.519913,424,AAPL,Open,S,6168,134.31,P72,5000
13,11:19:00.727641,266,AAPL,Open,S,3394,128.82,P72,2000
14,11:27:40.262900,87,MSFT,Open,S,17196,65.15,P72,1000
15,11:35:54.235855,8,MSFT,Canceled,S,13051,69.27,P72,1000
16,11:39:53.908605,393,AAPL,Open,B,27844,142.12,P72,5000
17,11:53:02.825027,27,GOOG,Open,S,3688,854.58,P72,1000
18,12:04:50.261857,92,AAPL,Open,B,44894,137.22,P72,1000
19,12:14:40.288118,260,GOOG,Open,S,47013,777.29,P72,2000
20,12:21:37.599753,128,GOOG,Open,B,14994,789.66,P72,2000
21,12:35:33.791378,153,MSFT,Open,S,15848,69.49,P72,2000
22,12:45:18.930475,432,MSFT,Filled,S,31154,65.13,P72,5000
23,12:54:20.194546,434,MSFT,Open,B,16160,66.43,P72,5000
24,13:01:10.280021,68,GOOG,Open,S,27443,796.92,P72,1000
25,13:12:26.746992,35,MSFT,Open,S,23472,60.43,P72,1000
26,13:21:37.510606,491,MSFT,Open,S,33287,65.67,P72,5000
27,13:23:56.338409,238,GOOG,Open,S,7484,858.48,P72,2000
28,13:30:34.854477,495,GOOG,Open,S,39311,762.6,P72,5000
29,13:32:07.666157,282,GOOG,Open,S,30700,866.34,P72,2000
30,13:33:36.974989,419,GOOG,Open,S,26218,877.51,P72,5000
31,13:34:34.746456,146,GOOG,Filled,B,12655,851.31,P72,2000
32,13:38:55.662765,5,GOOG,Open,S,23256,887.3,P72,1000
33,13:50:10.985553,441,GOOG,Open,S,39163,792.63,P72,5000
34,13:57:34.765391,289,AAPL,Open,S,12809,125.13,P72,2000
35,13:58:41.403137,484,GOOG,Open,B,25294,825.61,P72,5000
36,13:59:14.207010,275,GOOG,Open,B,21841,787.75,P72,2000
37,14:12:48.459364,90,GOOG,Open,S,26211,878.28,P72,1000
38,14:18:58.486755,109,MSFT,Filled,S,50087,67.8,P72,2000
39,14:24:15.017678,373,GOOG,Open,B,14073,762.25,P72,5000
40,14:33:06.759260,298,AAPL,Canceled,B,30393,138.66,P72,2000
41,14:45:48.655679,348,GOOG,Open,S,7250,826.31,P72,5000
42,14:53:43.555412,302,AAPL,Canceled,B,6855,151.35,P72,5000
43,15:06:11.242308,466,GOOG,Open,S,39566,849.66,P72,5000
44,15:20:23.908065,147,GOOG,Open,S,26890,802.72,P72,2000
45,15:33:02.902397,405,GOOG,Open,B,13888,854.1,P72,5000
46,15:39:13.075840,463,GOOG,Open,S,43288,797.75,P72,5000
47,15:41:42.074936,243,GOOG,Open,S,41331,875.72,P72,2000
48,15:45:07.980780,190,GOOG,Canceled,B,35700,823.15,P72,2000
49,15:58:57.635748,191,GOOG,Open,S,18738,844.78,P72,2000
50,16:07:29.451685,316,GOOG,Open,B,20613,897.48,P72,5000
51,16:12:40.074958,183,MSFT,Open,B,24122,66.12,P72,2000
52,16:24:02.679988,89,GOOG,Open,S,23361,740.3,P72,1000
53,16:26:08.219568,288,GOOG,Canceled,S,21289,875.11,P72,2000
54,16:30:07.564833,491,GOOG,Open,S,45808,791.03,P72,5000
55,16:41:01.815665,165,GOOG,Open,S,45897,841.18,P72,2000
56,16:52:36.284059,324,GOOG,Open,S,41425,751.98,P72,5000
57,16:52:56.305282,141,MSFT,Open,S,49162,65.22,P72,2000
58,16:53:27.540983,229,GOOG,Open,B,28596,852.19,P72,2000
59,17:05:21.515816,376,GOOG,Open,S,9459,769.75,P72,5000
60,17:10:42.300542,145,MSFT,Open,S,2655,67,P72,2000
61,17:17:31.624424,29,GOOG,Open,B,3798,861.68,P72,1000
62,17:27:44.117749,130,GOOG,Filled,B,15043,692.13,P72,2000
63,17:35:47.417447,126,GOOG,Filled,S,4470,840,P72,2000
64,17:42:31.695761,99,MSFT,Open,S,11460,70.81,P72,1000
65,17:54:15.153581,482,GOOG,Open,S,40378,812.53,P72,5000
66,18:07:25.332885,46,GOOG,Open,S,13474,733.1,P72,1000
67,18:19:48.442141,369,GOOG,Open,S,44871,800.47,P72,5000
68,18:29:55.049807,255,GOOG,Filled,S,24154,882.76,P72,2000
69,18:33:08.757978,366,GOOG,Open,S,9485,810.07,P72,5000
70,18:40:22.488591,348,GOOG,Canceled,B,21928,892.51,P72,5000
71,18:43:56.873282,266,GOOG,Open,S,15979,923.62,P72,2000
72,18:49:05.265118,110,AAPL,Open,S,43434,122.52,P72,2000
73,18:59:38.044793,113,AAPL,Canceled,S,15370,121.42,P72,2000
74,19:07:45.393921,106,GOOG,Open,B,11303,863.12,P72,2000
75,19:20:58.873508,124,GOOG,Open,S,45520,801.79,P72,2000
76,19:28:58.453001,3,GOOG,Open,S,26074,892.29,P72,1000
77,19:41:17.815093,459,GOOG,Filled,S,34617,853.84,P72,5000
78,19:41:45.909641,317,GOOG,Open,B,230,653.65,P72,5000
79,19:42:16.005961,275,GOOG,Open,S,24039,781.31,P72,2000
80,19:52:54.649492,263,AAPL,Open,S,44770,117.03,P72,2000
81,20:05:22.936374,430,AAPL,Canceled,S,26872,142.84,P72,5000
82,20:08:17.915595,125,GOOG,Filled,B,17289,665.95,P72,2000
83,20:18:16.700116,35,GOOG,Filled,S,30566,814.95,P72,1000
84,20:29:17.541941,419,GOOG,Open,S,6636,817.27,P72,5000
85,20:35:28.568193,489,GOOG,Open,S,24395,721.84,P72,5000
86,20:39:42.206561,375,GOOG,Canceled,B,5942,715.17,P72,5000
87,20:42:26.705327,204,AAPL,Canceled,S,20296,132.39,P72,2000
88,20:54:58.481752,160,GOOG,Filled,S,40465,815.4,P72,2000
89,20:55:47.293640,300,MSFT,Open,S,46383,70.71,P72,2000
90,20:57:24.619840,352,GOOG,Open,B,19544,792.53,P72,5000
91,21:01:56.943758,46,GOOG,Open,S,26605,847.69,P72,1000
92,21:05:22.544139,248,GOOG,Filled,S,35819,791.87,P72,2000
93,21:06:32.581316,323,GOOG,Open,S,933,850.85,P72,5000
94,21:10:07.021863,6,GOOG,Open,B,36165,775.37,P72,1000
95,21:15:17.539004,74,MSFT,Open,S,17220,62.79,P72,1000
96,21:17:50.748642,142,GOOG,Open,S,6559,888.6,P72,2000
97,21:18:12.812118,206,GOOG,Open,S,15380,772.15,P72,2000
98,21:26:17.929247,197,GOOG,Filled,S,42823,910.48,P72,2000
99,21:28:05.084329,302,GOOG,Canceled,S,33093,774.39,P72,5000
100,21:33:25.474659,143,GOOG,Open,B,45151,713.27,P72,2000
101,21:46:35.849538,54,GOOG,Canceled,S,24921,952.71,P72,1000
102,21:56:03.159492,95,AAPL,Open,S,10621,132.89,P72,1000
103,22:09:36.111534,134,GOOG,Open,B,17468,810.78,P72,2000
104,22:16:10.469374,306,MSFT,Open,S,42547,59.63,P72,5000
105,22:26:47.651692,332,MSFT,Canceled,S,9250,67.78,P72,5000
106,22:28:34.726850,321,AAPL,Open,S,13625,133.97,P72,5000
107,22:38:44.918849,315,GOOG,Open,S,25282,883.96,P72,5000
108,22:47:30.433703,288,MSFT,Filled,S,40043,66.11,P72,2000
109,22:53:55.978531,50,GOOG,Canceled,S,26484,1000.47,P72,1000
110,22:55:58.882249,6,AAPL,Open,B,16940,156.91,P72,1000
111,23:00:57.019424,179,AAPL,Open,S,9550,134.51,P72,2000
112,23:12:46.323646,73,MSFT,Open,B,33528,67.4,P72,1000
113,23:15:06.742507,305,GOOG,Open,S,9106,710.52,P72,5000
114,23:27:37.546773,459,MSFT,Open,S,41072,65.27,P72,5000
115,23:29:29.128015,352,AAPL,Open,S,29151,102.94,P72,5000
116,23:41:04.914868,78,MSFT,Open,B,36789,64.99,P72,1000
117,23:46:26.525069,348,GOOG,Canceled,S,39044,845.12,P72,5000
118,23:49:42.801868,373,GOOG,Canceled,S,12616,893.49,P72,5000
119,23:57:55.901045,230,AAPL,Open,S,32797,152.14,P72,2000
120,00:03:33.089532,364,MSFT,Open,S,16711,61.22,P72,5000
121,00:09:16.579741,46,GOOG,Open,B,1104,728.57,P72,1000
122,00:22:39.300814,373,AAPL,Filled,S,16210,165.37,P72,5000
123,00:24:43.472298,97,MSFT,Open,S,18277,57.66,P72,1000
124,00:25:46.019418,54,GOOG,Filled,S,20606,828.18,P72,1000
125,00:34:35.914104,291,MSFT,Open,S,28653,65.79,P72,2000
126,00:36:42.770154,480,AAPL,Open,B,10379,129.13,P72,5000
127,00:36:54.231276,485,GOOG,Open,S,27813,908.94,P72,5000
128,00:39:19.757399,393,GOOG,Canceled,B,5488,984.73,P72,5000
129,00:49:04.906302,29,GOOG,Filled,S,30326,826.83,P72,1000
130,01:00:17.897522,14,MSFT,Canceled,B,23901,66.64,P72,1000
131,01:03:21.285860,102,AAPL,Canceled,S,24081,116.38,P72,2000
132,01:05:25.563588,238,GOOG,Canceled,S,14517,934.41,P72,2000
133,01:09:07.429707,198,GOOG,Open,S,8816,955.44,P72,2000
134,01:19:36.762629,63,GOOG,Filled,S,38172,920.21,P72,1000
135,01:33:12.401937,308,GOOG,Open,B,27690,829.16,P72,5000
136,01:38:22.371910,48,GOOG,Open,S,11740,844.91,P72,1000
137,01:50:43.019649,387,MSFT,Open,S,14252,80.7,P72,5000
138,02:00:29.612926,116,GOOG,Open,B,48286,742.77,P72,2000
139,02:12:55.680189,464,GOOG,Open,B,47415,860.07,P72,5000
140,02:23:55.478341,443,GOOG,Open,S,33238,925.21,P72,5000
141,02:30:30.649776,21,AAPL,Open,S,33897,103.5,P72,1000
142,02:41:41.879714,460,AAPL,Open,S,36082,125.36,P72,5000
143,02:44:40.085635,27,GOOG,Open,B,17650,792.75,P72,1000
144,02:55:27.886846,355,GOOG,Open,S,31523,821.12,P72,5000
145,03:07:33.475191,94,GOOG,Open,B,11836,692.75,P72,1000
146,03:10:52.926031,105,MSFT,Filled,B,25459,67.94,P72,2000
147,03:21:16.060874,187,MSFT,Canceled,S,38099,69.62,P72,2000
148,03:34:51.616967,110,GOOG,Filled,S,17390,904.97,P72,2000
149,03:36:08.663791,209,GOOG,Open,B,41336,974.15,P72,2000
150,03:47:26.367088,350,GOOG,Open,S,48262,808.35,P72,5000
151,03:50:18.873552,122,AAPL,Open,S,11889,143.99,P72,2000
152,04:02:00.273231,186,AAPL,Open,B,1271,126.75,P72,2000
153,04:03:17.361143,372,GOOG,Canceled,B,47421,889.82,P72,5000
154,04:10:16.601982,195,GOOG,Open,S,30194,793.78,P72,2000
155,04:22:00.241915,257,GOOG,Filled,S,24933,784.14,P72,2000
156,04:32:57.499019,206,GOOG,Open,S,4164,638.77,P72,2000
157,04:34:52.213470,75,GOOG,Open,S,44485,995.86,P72,1000
158,04:48:28.438893,242,GOOG,Open,S,1767,856.29,P72,2000
159,05:01:23.134495,302,GOOG,Open,S,14127,1083.51,P72,5000
160,05:02:13.468368,15,AAPL,Filled,S,41146,124.47,P72,1000
161,05:02:27.495716,172,GOOG,Canceled,S,8224,883.77,P72,2000
162,05:10:27.239311,128,GOOG,Open,S,13934,838.36,P72,2000
163,05:24:42.607051,464,GOOG,Open,S,12829,799.97,P72,5000
164,05:28:35.867205,462,GOOG,Open,S,31887,819,P72,5000
165,05:40:35.733116,122,GOOG,Open,S,28395,878.63,P72,2000
166,05:44:29.081196,207,GOOG,Open,S,27683,916.72,P72,2000
167,05:54:31.249180,51,AAPL,Open,S,1717,146.45,P72,1000
168,05:59:59.174935,277,GOOG,Open,S,19755,777.66,P72,2000
169,06:13:47.339086,426,GOOG,Filled,B,39137,877.13,P72,5000
170,06:19:51.821928,288,GOOG,Canceled,S,20178,762.08,P72,2000
171,06:33:42.281713,211,GOOG,Canceled,B,14801,829.69,P72,2000
172,06:37:33.066875,311,MSFT,Open,S,38034,75.54,P72,5000
173,06:44:35.353918,352,GOOG,Open,B,8708,826.32,P72,5000
174,06:52:54.254807,137,MSFT,Open,S,8399,61.24,P72,2000
175,06:54:03.772859,377,AAPL,Canceled,S,17013,163.19,P72,5000
176,07:02:28.495409,39,MSFT,Open,S,49462,60.45,P72,1000
177,07:04:24.509475,275,MSFT,Open,B,42110,64.71,P72,2000
178,07:18:22.191788,179,GOOG,Filled,S,17731,919.83,P72,2000
179,07:18:34.888893,368,GOOG,Filled,B,22293,810.1,P72,5000
180,07:21:20.924873,259,GOOG,Open,S,35416,892.05,P72,2000
181,07:33:19.919624,327,GOOG,Canceled,S,21881,733.55,P72,5000
182,07:44:33.660095,61,GOOG,Open,S,14241,770.75,P72,1000
183,07:57:25.970503,121,GOOG,Filled,S,11643,811.83,P72,2000
184,08:01:37.825368,301,GOOG,Open,S,7488,723.17,P72,5000
185,08:11:15.651965,334,MSFT,Open,S,3064,67.16,P72,5000
186,08:14:14.484655,50,GOOG,Open,S,46789,925,P72,1000
187,08:25:27.060217,483,MSFT,Open,S,22215,52.97,P72,5000
188,08:26:11.399734,214,GOOG,Canceled,S,2218,820.42,P72,2000
189,08:26:58.728064,98,GOOG,Canceled,B,2849,834.69,P72,1000
190,08:29:42.526515,139,GOOG,Canceled,S,33374,686.11,P72,2000
191,08:40:08.073410,415,MSFT,Canceled,S,34958,74.84,P72,5000
192,08:41:03.897052,286,MSFT,Open,S,4418,64.85,P72,2000
193,08:45:38.737049,395,GOOG,Canceled,S,46494,745.75,P72,5000
194,08:59:11.063625,349,GOOG,Open,B,41484,838.42,P72,5000
195,08:59:22.911453,460,AAPL,Open,S,49257,112.53,P72,5000
196,09:11:18.531993,247,GOOG,Canceled,S,43022,902.37,P72,2000
197,09:19:38.604728,145,GOOG,Open,S,33313,761.87,P72,2000
198,09:26:20.586877,238,AAPL,Open,S,41085,127.26,P72,2000
199,09:40:36.902917,91,GOOG,Filled,S,40339,1121.06,P72,1000
200,09:53:42.342588,271,GOOG,Filled,B,49108,737.33,P72,2000
201,10:03:18.458913,264,GOOG,Open,B,14479,834.69,P72,2000
202,10:11:42.752224,258,MSFT,Open,S,3062,70.31,P72,2000
203,10:11:56.274092,51,GOOG,Open,S,4336,1050.95,P72,1000
204,10:22:15.538310,331,GOOG,Canceled,S,46593,869.88,P72,5000
205,10:23:39.641878,337,MSFT,Canceled,S,7814,62.97,P72,5000
206,10:31:35.481670,422,MSFT,Open,S,38533,58.18,P72,5000
207,10:32:11.500259,352,MSFT,Open,S,4049,57.26,P72,5000
208,10:34:13.127171,127,GOOG,Open,S,42131,845.62,P72,2000
209,10:46:25.669908,236,GOOG,Open,S,37678,806.98,P72,2000
210,10:59:21.346369,98,GOOG,Filled,S,20534,859.41,P72,1000
211,11:06:55.578494,351,MSFT,Open,B,12763,70.78,P72,5000
212,11:11:37.445614,201,GOOG,Canceled,S,45122,719.42,P72,2000
213,11:25:50.236673,357,GOOG,Open,S,21605,977.37,P72,5000
214,11:36:23.384165,103,GOOG,Open,S,30784,679.82,P72,2000
215,11:37:59.250615,302,AAPL,Filled,S,28249,163.75,P72,5000
216,11:40:39.692053,160,GOOG,Canceled,S,30870,911.01,P72,2000
217,11:50:29.874813,214,GOOG,Open,S,2383,842.49,P72,2000
218,12:01:17.082966,462,MSFT,Canceled,S,48454,54.88,P72,5000
219,12:03:24.019659,144,AAPL,Canceled,S,9480,143.89,P72,2000
220,12:16:13.264971,412,GOOG,Open,S,44301,706.69,P72,5000
221,12:25:26.183883,456,GOOG,Canceled,S,26084,823.95,P72,5000
222,12:28:32.715373,486,MSFT,Open,S,45859,55.82,P72,5000
223,12:42:34.861672,46,AAPL,Filled,S,16491,188.6,P72,1000
224,12:47:37.535186,487,GOOG,Open,S,48259,803.88,P72,5000
225,12:48:26.383737,424,MSFT,Filled,S,1251,78.95,P72,5000
226,13:00:22.591328,404,MSFT,Open,S,22193,69.68,P72,5000
227,13:06:53.557388,153,GOOG,Filled,S,47742,856.09,P72,2000
228,13:12:54.898601,381,GOOG,Open,S,28499,1035.52,P72,5000
229,13:23:14.044077,59,MSFT,Canceled,S,20482,53.72,P72,1000
230,13:29:31.479741,222,GOOG,Filled,S,8932,892.85,P72,2000
231,13:43:21.720319,89,GOOG,Open,B,7599,819.53,P72,1000
232,13:54:49.582567,307,GOOG,Canceled,S,18524,727.26,P72,5000
233,14:07:34.339598,171,GOOG,Canceled,S,13377,885.97,P72,2000
234,14:21:28.944295,359,AAPL,Open,S,5556,120.52,P72,5000
235,14:35:48.594882,493,GOOG,Filled,S,45394,611.66,P72,5000
236,14:46:06.578990,154,GOOG,Open,B,23207,956.97,P72,2000
237,14:59:34.139156,347,GOOG,Open,B,6108,797.12,P72,5000
238,15:08:38.732872,496,MSFT,Canceled,S,32764,60.49,P72,5000
239,15:20:57.018126,292,GOOG,Open,B,15302,1023.81,P72,2000
240,15:30:20.198742,153,GOOG,Open,B,48773,662.89,P72,2000
241,15:40:28.700152,92,GOOG,Open,B,18357,816.6,P72,1000
242,15:52:32.908106,299,GOOG,Open,S,15802,966.82,P72,2000
243,15:57:44.607664,238,GOOG,Filled,S,3373,1015.12,P72,2000
244,16:00:58.263400,353,GOOG,Filled,S,8062,775.22,P72,5000
245,16:11:19.228682,257,GOOG,Open,B,12366,1062.02,P72,2000
246,16:15:56.837359,124,GOOG,Open,S,38809,900.64,P72,2000
247,16:25:46.651187,288,GOOG,Open,B,30807,588.02,P72,2000
248,16:36:15.775057,475,GOOG,Open,B,38867,744.97,P72,5000
249,16:45:06.164963,475,GOOG,Open,S,38265,837.95,P72,5000
250,16:45:32.494402,318,GOOG,Open,S,43740,808.82,P72,5000
251,16:59:22.642448,451,GOOG,Open,S,40499,711.13,P72,5000
252,17:13:25.605433,19,GOOG,Open,S,1322,663.38,P72,1000
253,17:19:52.727464,356,GOOG,Open,B,27296,872.95,P72,5000
254,17:28:53.973698,466,AAPL,Open,B,46054,116.65,P72,5000
255,17:30:48.292615,290,AAPL,Open,S,13569,118.01,P72,2000
256,17:34:19.438742,262,GOOG,Open,S,7695,919.8,P72,2000
257,17:41:31.091382,424,AAPL,Open,B,1322,128.77,P72,5000
258,17:42:01.275786,293,GOOG,Open,B,35072,768.02,P72,2000
259,17:48:15.420957,360,AAPL,Open,B,13152,104.64,P72,5000
260,17:51:32.201343,298,GOOG,Open,S,22811,803,P72,2000
261,17:52:04.353624,151,GOOG,Open,B,20136,866.96,P72,2000
262,18:00:39.346686,98,MSFT,Open,S,3144,70.15,P72,1000
263,18:10:56.080899,433,MSFT,Open,S,45258,71.41,P72,5000
264,18:18:48.276311,310,GOOG,Open,B,30249,962.58,P72,5000
265,18:24:34.708829,447,GOOG,Canceled,S,7807,977.3,P72,5000
266,18:31:47.422748,472,GOOG,Open,S,17222,859.3,P72,5000
267,18:33:39.591124,375,MSFT,Open,S,441,50.74,P72,5000
268,18:43:33.139676,176,MSFT,Canceled,S,32368,53.69,P72,2000
269,18:47:42.308042,267,MSFT,Open,S,12050,71.66,P72,2000
270,18:58:40.424352,133,MSFT,Canceled,S,21864,71.78,P72,2000
271,19:11:23.203565,469,GOOG,Canceled,S,4643,798.96,P72,5000
272,19:11:50.641416,94,GOOG,Open,S,19690,1216.23,P72,1000
273,19:14:02.539946,341,GOOG,Filled,S,6330,668.75,P72,5000
274,19:16:50.777705,5,GOOG,Canceled,S,32180,806.22,P72,1000
275,19:30:23.950995,347,GOOG,Canceled,S,44031,722.69,P72,5000
276,19:39:58.102167,225,GOOG,Canceled,S,1703,862.16,P72,2000
277,19:53:52.778381,112,MSFT,Filled,S,12957,65.87,P72,2000
278,19:57:31.787326,30,GOOG,Open,S,17494,831.04,P72,1000
279,20:06:39.795400,182,GOOG,Open,S,39704,958.19,P72,2000
280,20:18:52.669233,157,AAPL,Filled,S,36433,144.09,P72,2000
281,20:25:06.593758,471,AAPL,Canceled,B,12773,132.08,P72,5000
282,20:28:20.794465,37,GOOG,Open,S,45996,940.12,P72,1000
283,20:31:50.362645,331,GOOG,Open,S,824,620.86,P72,5000
284,20:38:26.242571,89,MSFT,Open,S,23170,65.24,P72,1000
285,20:41:25.198482,330,AAPL,Open,S,15556,141.59,P72,5000
286,20:51:56.952598,373,GOOG,Filled,B,11109,739.32,P72,5000
287,20:59:30.349136,133,MSFT,Canceled,S,13829,57.85,P72,2000
288,21:04:18.703389,421,GOOG,Open,B,49633,745.59,P72,5000
289,21:09:41.127275,37,GOOG,Canceled,B,36881,683.66,P72,1000
290,21:14:30.284580,102,MSFT,Open,B,44913,59.43,P72,2000
291,21:23:42.879768,385,GOOG,Open,S,38714,668.92,P72,5000
292,21:37:12.298360,93,GOOG,Open,S,47085,802.25,P72,1000
293,21:43:43.586204,119,GOOG,Open,S,35934,560.11,P72,2000
294,21:54:00.093887,372,GOOG,Open,S,14578,709,P72,5000
295,21:56:56.062891,66,GOOG,Open,B,27781,686.64,P72,1000
296,22:00:54.920062,389,MSFT,Filled,S,47389,74.44,P72,5000
297,22:01:13.179999,3,AAPL,Open,S,31985,123.99,P72,1000
298,22:14:15.303550,128,GOOG,Open,B,12152,740.69,P72,2000
299,22:16:52.675031,324,AAPL,Canceled,S,32718,134.17,P72,5000
300,22:20:57.798225,462,MSFT,Open,S,5469,70.23,P72,5000
301,22:33:05.083544,430,GOOG,Open,S,10495,811.23,P72,5000
302,22:33:19.347493,342,GOOG,Open,B,2703,714.43,P72,5000
303,22:34:28.327090,143,AAPL,Open,S,3217,139.45,P72,2000
304,22:48:36.502265,289,AAPL,Open,B,25835,126.26,P72,2000
305,22:51:11.834760,374,MSFT,Canceled,B,47602,71.16,P72,5000
306,22:53:27.779679,38,GOOG,Canceled,S,31366,967.04,P72,1000
307,22:57:38.119718,195,GOOG,Filled,S,43728,787.72,P72,2000
308,22:59:30.116107,409,GOOG,Open,S,46353,1118.07,P72,5000
309,23:08:03.086559,132,GOOG,Open,B,8047,880.96,P72,2000
310,23:14:53.471177,422,GOOG,Open,S,48212,909.36,P72,5000
311,23:18:44.413789,95,MSFT,Canceled,S,31905,68.33,P72,1000
312,23:26:57.733138,473,GOOG,Open,S,32184,824.15,P72,5000
313,23:28:08.849322,130,AAPL,Canceled,B,15011,139.43,P72,2000
314,23:39:05.921135,190,GOOG,Open,S,8865,1010.37,P72,2000
315,23:42:45.338350,412,GOOG,Open,B,7669,682.58,P72,5000
316,23:52:37.370519,374,MSFT,Open,B,18019,69.77,P72,5000
317,00:03:05.341165,11,GOOG,Open,B,17288,932.55,P72,1000
318,00:09:17.404161,407,AAPL,Open,S,17486,149.15,P72,5000
319,00:16:47.634598,380,GOOG,Canceled,S,9906,930.61,P72,5000
320,00:30:27.344785,79,GOOG,Open,S,42091,883.18,P72,1000
321,00:36:35.991672,476,MSFT,Open,S,50007,54.79,P72,5000
322,00:48:58.569520,475,GOOG,Open,S,41925,815.32,P72,5000
323,01:00:28.014750,483,GOOG,Open,S,27384,864.8,P72,5000
324,01:05:31.953660,35,MSFT,Open,S,47616,90.93,P72,1000
325,01:08:12.762397,110,GOOG,Open,S,32544,731.08,P72,2000
326,01:14:31.131086,215,GOOG,Open,B,48339,1019.66,P72,2000
327,01:18:00.499621,297,AAPL,Open,B,34552,189.19,P72,2000
328,01:28:42.691027,439,GOOG,Open,S,1389,659.17,P72,5000
329,01:33:35.973187,187,MSFT,Canceled,S,34949,65.46,P72,2000
330,01:38:17.999304,376,GOOG,Open,B,4334,888.85,P72,5000
331,01:49:18.602777,87,GOOG,Canceled,S,38052,723.69,P72,1000
332,01:50:02.047236,274,MSFT,Open,S,36958,54.51,P72,2000
333,01:58:07.780979,382,GOOG,Open,B,10748,998.21,P72,5000
334,02:01:51.729161,150,GOOG,Open,S,41044,1132.89,P72,2000
335,02:07:39.273627,419,GOOG,Open,B,21810,1025.95,P72,5000
336,02:07:45.399348,375,GOOG,Open,S,24709,913.57,P72,5000
337,02:18:22.964128,495,GOOG,Open,S,5587,740.57,P72,5000
338,02:25:48.579445,380,AAPL,Open,S,31641,110.57,P72,5000
339,02:37:19.148431,290,GOOG,Filled,B,5551,697.35,P72,2000
340,02:45:17.063262,59,GOOG,Canceled,B,7175,807.43,P72,1000
341,02:45:45.583718,288,GOOG,Filled,S,30144,898.43,P72,2000
342,02:47:32.456489,273,GOOG,Open,S,9530,719.35,P72,2000
343,02:57:39.434211,256,GOOG,Canceled,S,47464,772.77,P72,2000
344,03:10:50.307725,489,GOOG,Canceled,S,32918,794.01,P72,5000
345,03:24:39.781555,105,AAPL,Open,S,21018,215.79,P72,2000
346,03:33:44.364523,481,GOOG,Open,B,26654,653.31,P72,5000
347,03:35:43.849748,140,GOOG,Open,S,25691,819.99,P72,2000
348,03:39:38.985057,491,GOOG,Open,S,17082,689.72,P72,5000
349,03:40:41.601286,135,GOOG,Open,S,22613,632.13,P72,2000
350,03:41:20.587292,70,AAPL,Canceled,S,27926,161.13,P72,1000
351,03:51:01.981127,20,GOOG,Filled,S,46717,464.27,P72,1000
352,03:55:39.605254,49,GOOG,Open,S,22096,905.19,P72,1000
353,04:06:33.193967,468,GOOG,Open,S,30014,651.79,P72,5000
354,04:12:37.295134,216,GOOG,Filled,S,11270,1107.9,P72,2000
355,04:14:13.473271,193,GOOG,Open,S,3054,686,P72,2000
356,04:17:23.264287,121,GOOG,Open,S,4061,784.51,P72,2000
357,04:19:17.149105,195,GOOG,Open,S,5846,584.85,P72,2000
358,04:23:26.846364,244,GOOG,Open,S,3147,948.19,P72,2000
359,04:32:12.945044,233,GOOG,Canceled,S,42762,643.91,P72,2000
360,04:38:15.838557,171,GOOG,Open,S,13373,958.05,P72,2000
361,04:49:42.701555,438,AAPL,Open,S,41992,159.36,P72,5000
362,04:54:43.123619,413,AAPL,Open,B,601,159.25,P72,5000
363,05:06:19.608037,33,GOOG,Open,S,42997,856.05,P72,1000
364,05:18:12.967690,7,MSFT,Open,S,38710,69.23,P72,1000
365,05:21:04.862842,283,GOOG,Open,S,8584,761.16,P72,2000
366,05:33:40.904197,88,GOOG,Filled,S,25095,722.96,P72,1000
367,05:38:33.883191,420,AAPL,Open,S,31377,128.56,P72,5000
368,05:50:43.568979,4,AAPL,Open,S,43055,150.48,P72,1000
369,05:58:48.189157,234,GOOG,Open,B,17743,889.48,P72,2000
370,06:04:32.242794,238,GOOG,Open,S,1368,1051.13,P72,2000
371,06:18:34.944496,360,MSFT,Canceled,S,9031,90.35,P72,5000
372,06:28:50.678523,379,GOOG,Open,S,21992,1017.89,P72,5000
373,06:40:42.969772,24,AAPL,Open,S,19222,129.19,P72,1000
374,06:42:49.194238,186,MSFT,Canceled,S,1800,55.41,P72,2000
375,06:49:38.574561,251,AAPL,Open,S,29693,153.6,P72,2000
376,06:50:16.642477,150,GOOG,Filled,S,15001,740.1,P72,2000
377,06:50:39.673172,271,GOOG,Open,S,25821,966.85,P72,2000
378,06:54:21.548746,338,GOOG,Open,S,14563,676.38,P72,5000
379,07:04:07.297404,321,MSFT,Open,S,40820,71.43,P72,5000
380,07:08:30.460142,108,GOOG,Open,S,47765,881.6,P72,2000
381,07:13:49.397061,355,MSFT,Filled,S,43478,58.01,P72,5000
382,07:27:01.673827,370,GOOG,Filled,S,44829,747.77,P72,5000
383,07:29:29.085806,357,GOOG,Open,S,27354,672.18,P72,5000
384,07:35:28.942419,176,AAPL,Canceled,S,728,112.73,P72,2000
385,07:42:32.625408,377,AAPL,Open,S,20069,119.95,P72,5000
386,07:56:47.629228,198,GOOG,Canceled,S,42931,772.31,P72,2000
387,08:05:55.946057,274,AAPL,Open,S,3203,57.65,P72,2000
388,08:17:58.818871,135,GOOG,Open,S,41008,670.23,P72,2000
389,08:29:18.692777,236,MSFT,Open,B,48037,58.84,P72,2000
390,08:36:54.033554,487,MSFT,Open,S,44406,60.11,P72,5000
391,08:47:01.279159,141,MSFT,Open,S,30412,81.88,P72,2000
392,08:50:49.424669,428,MSFT,Open,S,31667,52.14,P72,5000
393,09:03:30.789674,185,GOOG,Filled,S,31989,776.23,P72,2000
394,09:09:26.988493,231,MSFT,Canceled,B,45098,62.78,P72,2000
395,09:14:35.650092,224,MSFT,Open,S,37769,71.18,P72,2000
396,09:23:04.075721,174,GOOG,Canceled,S,32141,1140.83,P72,2000
397,09:24:36.009060,270,GOOG,Open,S,44928,580,P72,2000
398,09:35:42.039599,240,GOOG,Filled,S,3050,788.78,P72,2000
399,09:43:46.477089,46,MSFT,Open,S,46108,51.46,P72,1000
400,09:50:36.381845,328,GOOG,Open,S,29201,524.3,P72,5000
401,09:50:51.669916,49,AAPL,Canceled,S,27021,129.38,P72,1000
402,09:55:47.541817,96,GOOG,Canceled,B,8747,880.57,P72,1000
403,09:58:57.909388,355,GOOG,Open,S,22300,752.75,P72,5000
404,09:59:29.791147,88,MSFT,Open,S,29259,55.08,P72,1000
405,10:08:21.997244,348,AAPL,Open,S,16237,121.6,P72,5000
406,10:22:37.302637,318,GOOG,Open,S,35421,948.04,P72,5000
407,10:30:03.407799,29,AAPL,Canceled,B,49534,98.89,P72,1000
408,10:32:24.252527,469,GOOG,Filled,B,36618,919.45,P72,5000
409,10:43:51.147295,227,GOOG,Open,S,37915,800.42,P72,2000
410,10:46:05.238994,200,AAPL,Open,S,40903,118.23,P72,2000
411,10:51:22.410211,136,AAPL,Open,B,33938,147.25,P72,2000
412,10:56:54.581161,383,GOOG,Open,S,20044,912.93,P72,5000
413,10:58:49.906834,396,MSFT,Open,S,29623,85.11,P72,5000
414,11:09:16.759424,456,MSFT,Canceled,S,26304,60.93,P72,5000
415,11:20:40.299835,117,GOOG,Open,S,33103,1059.93,P72,2000
416,11:21:10.737049,68,GOOG,Open,B,10553,805.6,P72,1000
417,11:32:11.788878,214,GOOG,Filled,S,36000,693.65,P72,2000
418,11:36:30.985456,28,AAPL,Filled,S,14254,121.63,P72,1000
419,11:39:49.441419,331,GOOG,Open,S,12293,832.99,P72,5000
420,11:47:24.530183,169,GOOG,Canceled,B,31913,1087.3,P72,2000
421,11:51:20.781514,216,GOOG,Open,S,5616,945.37,P72,2000
422,11:52:02.494763,19,AAPL,Open,S,24126,105.49,P72,1000
423,12:06:06.847223,217,AAPL,Filled,S,2490,91.16,P72,2000
424,12:12:23.597125,74,GOOG,Open,S,10666,819,P72,1000
425,12:12:34.249169,108,GOOG,Open,S,21075,806.35,P72,2000
426,12:20:15.811968,260,AAPL,Open,S,35972,115.58,P72,2000
427,12:29:23.853775,97,GOOG,Open,B,5478,1152.89,P72,1000
428,12:32:47.574583,266,GOOG,Canceled,B,5701,917.03,P72,2000
429,12:37:48.284113,219,GOOG,Open,B,37893,1056.37,P72,2000
430,12:46:53.321869,125,GOOG,Open,S,1990,996,P72,2000
431,12:57:15.624711,299,GOOG,Open,S,23336,956.62,P72,2000
432,13:01:35.882197,392,AAPL,Filled,S,48319,162.77,P72,5000
433,13:14:50.229664,297,MSFT,Open,S,17249,54.65,P72,2000
434,13:16:58.180538,408,GOOG,Canceled,S,23297,858.17,P72,5000
435,13:26:07.433019,46,GOOG,Canceled,S,18548,550.53,P72,1000
436,13:27:06.817937,112,GOOG,Open,S,11642,1170.9,P72,2000
437,13:39:31.575056,31,GOOG,Filled,B,7397,389.29,P72,1000
438,13:40:02.460051,436,GOOG,Canceled,S,43207,928.22,P72,5000
439,13:43:02.762542,78,GOOG,Filled,S,42652,981.39,P72,1000
440,13:45:10.227131,410,GOOG,Filled,S,38505,786.7,P72,5000
441,13:57:14.734110,209,GOOG,Filled,B,37679,662.15,P72,2000
442,14:11:29.308618,47,MSFT,Open,B,32604,74.63,P72,1000
443,14:23:43.961670,166,MSFT,Open,S,17268,69.95,P72,2000
444,14:30:40.538999,395,GOOG,Open,B,27161,839.55,P72,5000
445,14:35:56.706559,213,AAPL,Canceled,B,42109,175.12,P72,2000
446,14:38:57.893437,98,AAPL,Canceled,S,2164,93.63,P72,1000
447,14:39:09.470103,419,AAPL,Canceled,S,11435,158.72,P72,5000
448,14:46:58.348861,386,GOOG,Canceled,S,26327,759.85,P72,5000
449,14:49:06.510329,374,MSFT,Open,B,20217,70.17,P72,5000
450,14:59:43.614529,232,GOOG,Filled,B,12235,751.89,P72,2000
451,15:00:11.728907,19,MSFT,Open,B,45121,52.65,P72,1000
452,15:01:25.890755,447,AAPL,Open,B,31825,125.92,P72,5000
453,15:02:25.455496,218,GOOG,Canceled,S,38809,555.55,P72,2000
454,15:10:01.677849,18,GOOG,Open,S,3180,864.86,P72,1000
455,15:12:34.755475,77,MSFT,Open,S,22726,51.85,P72,1000
456,15:13:38.829549,219,MSFT,Canceled,B,22345,56.69,P72,2000
457,15:20:21.092700,219,MSFT,Open,S,34900,60.74,P72,2000
458,15:27:25.744399,287,GOOG,Canceled,S,13442,1038.82,P72,2000
459,15:40:05.163596,367,GOOG,Open,S,34750,733.8,P72,5000
460,15:49:37.948237,256,GOOG,Open,S,31647,695.35,P72,2000
461,16:02:35.809301,366,GOOG,Open,B,34723,689.57,P72,5000
462,16:14:32.765905,175,GOOG,Canceled,S,37185,890.83,P72,2000
463,16:28:03.618651,282,AAPL,Open,B,37725,89.34,P72,2000
464,16:31:04.460661,250,GOOG,Open,S,35903,1027.55,P72,2000
465,16:41:22.063576,319,AAPL,Open,B,22633,157.65,P72,5000
466,16:46:07.664055,459,AAPL,Open,B,26434,116.25,P72,5000
467,16:48:14.256344,351,GOOG,Open,S,40545,883.65,P72,5000
468,16:54:31.781635,439,GOOG,Open,B,5529,678.06,P72,5000
469,17:02:59.051077,288,GOOG,Open,B,40390,1078.31,P72,2000
470,17:03:57.090046,171,GOOG,Open,S,30361,652.82,P72,2000
471,17:11:59.060393,58,GOOG,Open,S,40449,827.18,P72,1000
472,17:25:55.431020,99,GOOG,Open,S,2943,710.1,P72,1000
473,17:32:43.188387,439,GOOG,Filled,S,3686,1030.92,P72,5000
474,17:44:59.883203,245,MSFT,Open,S,49716,74.51,P72,2000
475,17:45:39.460053,8,GOOG,Canceled,B,44143,743.47,P72,1000
476,17:50:31.913443,310,GOOG,Filled,S,41468,1051.19,P72,5000
477,17:54:05.753683,340,GOOG,Canceled,S,48735,979.1,P72,5000
478,17:59:22.311859,260,GOOG,Open,S,29090,721.33,P72,2000
479,18:07:24.025480,188,GOOG,Open,S,17783,868.9,P72,2000
480,18:20:11.741347,140,GOOG,Filled,S,32740,676.91,P72,2000
481,18:24:46.458380,177,AAPL,Open,S,23655,155.04,P72,2000
482,18:37:09.407509,408,GOOG,Open,S,1479,1013.92,P72,5000
483,18:47:09.148097,162,GOOG,Canceled,S,20487,588.62,P72,2000
484,18:58:50.743719,340,MSFT,Open,S,9428,59.95,P72,5000
485,18:59:42.216060,167,MSFT,Filled,B,11986,89.13,P72,2000
486,19:06:35.779481,242,AAPL,Open,S,15473,140.77,P72,2000
487,19:12:06.738114,424,GOOG,Open,S,12735,732.8,P72,5000
488,19:24:24.278232,73,AAPL,Open,S,28849,144.21,P72,1000
489,19:34:54.936612,207,GOOG,Open,S,23493,808.61,P72,2000
490,19:45:46.182201,467,GOOG,Open,B,12135,960.84,P72,5000
491,19:56:30.922623,497,MSFT,Open,S,14658,76.52,P72,5000
492,20:04:54.403861,432,MSFT,Filled,B,45429,53.53,P72,5000
493,20:12:52.296919,279,GOOG,Canceled,B,39787,671.97,P72,2000
494,20:15:01.060350,74,AAPL,Open,S,39139,115.82,P72,1000
495,20:20:37.062397,434,GOOG,Open,S,35872,629.54,P72,5000
496,20:30:06.993755,282,GOOG,Open,S,11802,1113.9,P72,2000
497,20:32:25.220852,416,GOOG,Open,S,9466,1224.91,P72,5000
498,20:33:39.606274,235,GOOG,Open,B,30666,897.64,P72,2000
499,20:41:53.262361,131,AAPL,Open,S,6606,140.66,P72,2000
500,20:48:27.189877,479,AAPL,Open,S,9021,200.68,P72,5000
501,20:58:15.494160,31,MSFT,Open,S,15106,71.31,P72,1000
502,21:08:44.168340,156,GOOG,Open,S,22837,528.14,P72,2000
503,21:15:10.114058,440,GOOG,Open,S,12847,634.03,P72,5000
504,21:23:39.555281,13,GOOG,Canceled,S,8246,810.22,P72,1000
505,21:36:59.385599,157,GOOG,Open,S,27433,941.12,P72,2000
506,21:45:35.857858,317,GOOG,Canceled,S,34349,991.48,P72,5000
507,21:58:43.054595,377,GOOG,Canceled,S,23921,838.62,P72,5000
508,22:06:16.718415,374,AAPL,Open,S,11419,228.39,P72,5000
509,22:15:21.426009,313,GOOG,Open,S,18405,1006.07,P72,5000
510,22:23:54.873860,249,GOOG,Open,S,48952,541.1,P72,2000
511,22:33:24.264890,440,AAPL,Filled,S,44339,183.16,P72,5000
512,22:38:40.631994,466,MSFT,Canceled,B,21340,61.89,P72,5000
513,22:46:03.990184,106,GOOG,Open,S,7271,1000.25,P72,2000
514,22:48:50.111373,362,MSFT,Open,S,15748,64.72,P72,5000
515,22:55:10.613412,305,GOOG,Canceled,B,30028,886.22,P72,5000
516,23:08:46.335179,351,GOOG,Open,B,38767,500.89,P72,5000
517,23:20:04.674867,152,GOOG,Open,S,1220,696.47,P72,2000
518,23:29:09.013467,85,GOOG,Open,S,34046,556.56,P72,1000
519,23:32:46.783622,45,MSFT,Filled,S,470,81.36,P72,1000
520,23:37:54.460670,385,GOOG,Open,S,18944,715.31,P72,5000
521,23:45:26.404200,125,MSFT,Open,S,20100,71.54,P72,2000
522,23:54:57.380757,25,GOOG,Open,S,43479,1045.95,P72,1000
523,00:07:04.014764,354,MSFT,Canceled,B,549,72.42,P72,5000
524,00:10:10.634808,126,GOOG,Open,S,22157,1139.66,P72,2000
525,00:22:06.988481,79,GOOG,Open,S,2896,567.87,P72,1000
526,00:32:50.391142,397,AAPL,Open,S,6079,102.18,P72,5000
527,00:45:39.700025,262,GOOG,Open,S,3879,957.07,P72,2000
528,00:47:01.956668,397,GOOG,Open,S,30894,706.18,P72,5000
529,00:48:20.735145,87,GOOG,Canceled,S,33545,878.85,P72,1000
530,00:57:13.230786,95,AAPL,Open,S,29660,162.88,P72,1000
531,01:09:25.460933,176,GOOG,Open,S,38680,936.06,P72,2000
532,01:16:14.437681,490,GOOG,Open,S,6401,719.68,P72,5000
533,01:20:50.210540,136,MSFT,Filled,B,504,91.67,P72,2000
534,01:23:51.331715,307,GOOG,Canceled,S,1928,857.94,P72,5000
535,01:35:26.971061,179,GOOG,Open,S,18723,810.33,P72,2000
536,01:46:35.063832,268,GOOG,Filled,S,1706,909.92,P72,2000
537,01:51:24.248550,418,MSFT,Canceled,S,20939,52.12,P72,5000
538,01:55:46.136172,179,AAPL,Filled,S,5870,150.93,P72,2000
539,02:07:18.851494,339,MSFT,Filled,S,10675,74.75,P72,5000
540,02:19:02.848660,298,MSFT,Open,S,761,87.1,P72,2000
541,02:30:17.658251,485,GOOG,Open,S,29037,867.36,P72,5000
542,02:40:47.531177,178,GOOG,Canceled,S,6097,1034.95,P72,2000
543,02:43:16.706315,88,AAPL,Open,S,19701,144.78,P72,1000
544,02:56:54.774664,487,GOOG,Open,S,40492,977.16,P72,5000
545,03:00:20.995721,179,GOOG,Filled,B,35174,697.34,P72,2000
546,03:05:06.724700,73,MSFT,Open,S,15463,28.86,P72,1000
547,03:12:30.963006,223,GOOG,Filled,S,47051,755.18,P72,2000
548,03:16:57.722816,446,GOOG,Filled,S,31707,837.28,P72,5000
549,03:21:12.685942,214,MSFT,Canceled,S,16338,74.87,P72,2000
550,03:29:36.395043,346,AAPL,Open,S,26096,101,P72,5000
551,03:35:23.982995,229,GOOG,Open,S,14416,809.19,P72,2000
552,03:44:37.772918,418,MSFT,Open,S,31805,67.29,P72,5000
553,03:53:14.210078,437,GOOG,Open,B,33078,665.37,P72,5000
554,03:53:39.748339,334,AAPL,Open,S,29224,162.92,P72,5000
555,03:56:03.181943,419,MSFT,Open,S,49033,76.78,P72,5000
556,04:08:58.087610,41,GOOG,Open,B,34246,518.74,P72,1000
557,04:10:17.607682,273,GOOG,Open,S,45208,727.22,P72,2000
558,04:11:22.997562,161,GOOG,Open,S,15870,869.74,P72,2000
559,04:24:11.685959,97,MSFT,Open,S,46728,110.02,P72,1000
560,04:36:57.860265,107,GOOG,Open,S,15070,940.35,P72,2000
561,04:46:54.583186,267,AAPL,Canceled,S,46019,85.12,P72,2000
562,04:50:22.556078,190,GOOG,Canceled,S,10106,695.49,P72,2000
563,04:55:48.747257,310,MSFT,Open,B,29823,71.79,P72,5000
564,05:05:32.303034,325,MSFT,Filled,S,46730,41.61,P72,5000
565,05:17:41.551407,72,AAPL,Open,S,16579,60.38,P72,1000
566,05:24:48.814032,459,MSFT,Open,S,25676,76.99,P72,5000
567,05:27:34.733911,450,GOOG,Open,B,36236,462.71,P72,5000
568,05:41:49.506885,259,GOOG,Open,B,39057,1019.64,P72,2000
569,05:44:31.133629,358,AAPL,Open,B,34785,100.75,P72,5000
570,05:56:58.793244,54,GOOG,Open,S,14895,1009.43,P72,1000
571,05:59:59.144198,206,GOOG,Open,B,46431,497.76,P72,2000
572,06:09:25.825963,281,GOOG,Open,S,40640,696.84,P72,2000
573,06:15:55.978613,275,GOOG,Filled,S,8115,1234.48,P72,2000
574,06:18:46.484204,291,GOOG,Canceled,S,27021,723.48,P72,2000
575,06:26:50.849147,207,AAPL,Filled,S,3938,184.11,P72,2000
576,06:35:32.275117,186,GOOG,Open,S,9061,820.01,P72,2000
577,06:41:03.202513,76,AAPL,Open,S,30156,104.67,P72,1000
578,06:47:51.320017,68,GOOG,Open,S,20002,873.27,P72,1000
579,07:00:58.505071,475,MSFT,Filled,S,18625,69.06,P72,5000
580,07:04:49.949588,241,GOOG,Open,S,23380,1040.49,P72,2000
581,07:05:37.898497,155,GOOG,Open,S,27806,1145.12,P72,2000
582,07:15:55.455274,448,AAPL,Open,S,39131,83.24,P72,5000
583,07:16:41.271953,426,MSFT,Open,B,28681,76.76,P72,5000
584,07:30:02.336629,35,MSFT,Canceled,S,29423,88.84,P72,1000
585,07:34:03.026789,82,GOOG,Open,S,42459,647.01,P72,1000
586,07:42:47.167513,72,AAPL,Canceled,S,10805,165,P72,1000
587,07:43:51.670251,180,GOOG,Filled,S,8883,574.11,P72,2000
588,07:54:30.462865,341,GOOG,Canceled,B,19684,1199.36,P72,5000
589,08:07:12.079103,36,GOOG,Filled,S,21905,738.05,P72,1000
590,08:08:19.888656,346,GOOG,Canceled,S,35691,658.59,P72,5000
591,08:18:46.375193,259,GOOG,Open,S,23667,921.63,P72,2000
592,08:20:48.458295,370,AAPL,Canceled,S,27865,144,P72,5000
593,08:28:50.344831,16,GOOG,Open,S,20758,1078.33,P72,1000
594,08:29:48.722426,205,AAPL,Open,S,19145,154.76,P72,2000
595,08:36:54.947258,347,GOOG,Open,S,48095,1108.45,P72,5000
596,08:36:59.389538,227,AAPL,Open,S,11708,110.86,P72,2000
597,08:50:08.609952,407,GOOG,Open,S,12814,834.82,P72,5000
598,08:57:19.769807,416,AAPL,Open,S,18521,137.13,P72,5000
599,09:06:09.553894,462,GOOG,Open,B,31000,233.04,P72,5000
600,09:09:01.228479,423,GOOG,Filled,B,47083,826.81,P72,5000
601,09:18:51.814963,30,GOOG,Canceled,S,17162,1234.28,P72,1000
602,09:25:58.305097,139,AAPL,Filled,B,13278,148.86,P72,2000
603,09:39:40.094552,302,GOOG,Filled,B,36783,797.41,P72,5000
604,09:46:53.869824,461,GOOG,Open,S,31249,868.04,P72,5000
605,09:54:01.461180,180,GOOG,Open,S,38039,769.45,P72,2000
606,10:05:26.844197,348,GOOG,Open,S,1282,527.73,P72,5000
607,10:17:36.746476,380,MSFT,Filled,B,3799,85.49,P72,5000
608,10:23:45.109706,340,GOOG,Open,S,39536,655.5,P72,5000
609,10:35:29.931941,342,GOOG,Canceled,S,6765,1134.6,P72,5000
610,10:41:20.618147,380,GOOG,Canceled,S,37536,675.31,P72,5000
611,10:51:02.596373,273,MSFT,Canceled,B,41979,47.41,P72,2000
612,10:52:54.207630,54,GOOG,Open,B,46937,635.86,P72,1000
613,11:03:36.602035,277,MSFT,Canceled,S,20241,80.52,P72,2000
614,11:09:35.468633,364,GOOG,Open,S,29931,605.85,P72,5000
615,11:22:18.000606,263,AAPL,Open,S,27925,137.44,P72,2000
616,11:31:27.932444,323,GOOG,Open,B,37764,916.49,P72,5000
617,11:38:15.833432,214,GOOG,Canceled,S,12655,693.03,P72,2000
618,11:51:14.709816,358,GOOG,Canceled,S,21757,868.71,P72,5000
619,11:58:55.464031,72,GOOG,Canceled,S,37524,809.58,P72,1000
620,12:04:39.979771,225,GOOG,Open,S,25939,869.2,P72,2000
621,12:12:40.478844,253,GOOG,Filled,S,29142,561.06,P72,2000
622,12:24:41.697570,86,GOOG,Open,S,24159,1188.34,P72,1000
623,12:37:16.132224,190,AAPL,Open,S,5270,155.1,P72,2000
624,12:41:14.951194,154,MSFT,Filled,S,21620,58.76,P72,2000
625,12:52:59.052554,226,AAPL,Open,B,23056,169.8,P72,2000
626,12:53:07.957032,247,GOOG,Open,B,8975,1185.85,P72,2000
627,13:03:03.004643,26,AAPL,Open,S,15809,129.27,P72,1000
628,13:09:51.983793,245,GOOG,Open,B,42728,771.63,P72,2000
629,13:11:03.941426,408,GOOG,Canceled,S,46200,779.53,P72,5000
630,13:18:49.232013,380,GOOG,Open,S,16795,641.82,P72,5000
631,13:23:46.532893,66,GOOG,Open,S,5194,494.76,P72,1000
632,13:37:33.752172,245,GOOG,Open,S,12591,593.6,P72,2000
633,13:50:19.272804,39,AAPL,Open,B,35973,98.51,P72,1000
634,14:03:41.226744,338,GOOG,Filled,S,13036,948.07,P72,5000
635,14:16:45.606801,397,MSFT,Open,S,4098,79.57,P72,5000
636,14:19:26.002076,308,GOOG,Open,S,40013,1199.84,P72,5000
637,14:22:47.954898,40,MSFT,Open,B,17186,73.08,P72,1000
638,14:28:54.602198,320,GOOG,Open,S,546,893.35,P72,5000
639,14:32:53.293846,214,GOOG,Canceled,B,3211,1029.39,P72,2000
640,14:42:11.210555,340,AAPL,Open,S,17206,163.74,P72,5000
641,14:47:31.162317,410,GOOG,Open,B,47161,713.54,P72,5000
642,14:59:15.568364,413,GOOG,Filled,S,41515,559.37,P72,5000
643,15:13:05.001664,72,GOOG,Open,S,9808,780.3,P72,1000
644,15:16:16.653978,106,GOOG,Open,S,31936,521.51,P72,2000
645,15:18:27.918512,1,GOOG,Canceled,B,19697,554.09,P72,1000
646,15:21:29.218171,26,GOOG,Open,S,22099,1050.2,P72,1000
647,15:22:24.138490,286,AAPL,Open,B,27020,94.02,P72,2000
648,15:35:32.976544,388,AAPL,Open,B,23475,188.76,P72,5000
649,15:46:50.443142,377,MSFT,Open,S,38289,76.54,P72,5000
650,15:59:27.241980,477,GOOG,Canceled,S,592,821.93,P72,5000
651,16:10:11.847736,284,GOOG,Canceled,B,6275,698.86,P72,2000
652,16:22:35.871948,111,AAPL,Canceled,S,21632,97.01,P72,2000
653,16:23:12.407364,204,GOOG,Open,S,19096,789.94,P72,2000
654,16:36:12.094706,270,GOOG,Open,S,32785,740.74,P72,2000
655,16:47:45.296434,445,GOOG,Open,S,47829,803.59,P72,5000
656,16:56:22.231342,410,MSFT,Open,B,3876,70.71,P72,5000
657,17:00:16.895561,489,AAPL,Open,B,40090,218.65,P72,5000
658,17:05:58.378791,451,AAPL,Canceled,B,1588,175.86,P72,5000
659,17:10:45.319778,47,GOOG,Open,S,31258,877.38,P72,1000
660,17:16:54.239965,208,MSFT,Filled,S,13788,33.82,P72,2000
661,17:28:03.441393,360,GOOG,Open,B,24301,683.91,P72,5000
662,17:37:32.721850,254,AAPL,Open,S,35659,115.78,P72,2000
663,17:44:21.215975,42,AAPL,Filled,S,21362,24.12,P72,1000
664,17:53:16.217809,89,GOOG,Open,S,31490,1016.52,P72,1000
665,17:56:09.656828,222,AAPL,Open,S,44357,44.36,P72,2000
666,17:57:18.356457,365,GOOG,Open,S,22258,635.57,P72,5000
667,18:03:50.750238,195,GOOG,Filled,S,29387,654.5,P72,2000
668,18:17:17.270023,280,MSFT,Open,S,39889,67.59,P72,2000
669,18:22:19.703154,372,GOOG,Filled,S,24942,637.26,P72,5000
670,18:28:19.042257,195,GOOG,Filled,B,28440,832.2,P72,2000
671,18:32:16.225848,473,GOOG,Open,S,48138,657.46,P72,5000
672,18:39:52.464590,6,GOOG,Open,B,44718,621.52,P72,1000
673,18:40:53.327643,199,GOOG,Open,S,24016,950.89,P72,2000
674,18:47:42.549800,323,AAPL,Open,B,24752,211.58,P72,5000
675,18:55:08.387374,389,GOOG,Open,S,34750,937.64,P72,5000
676,18:56:53.947275,320,MSFT,Filled,B,12795,65.31,P72,5000
677,18:58:58.634455,415,GOOG,Open,B,38646,644.73,P72,5000
678,19:06:30.978112,286,MSFT,Open,S,11008,64.45,P72,2000
679,19:15:05.545049,178,GOOG,Open,S,38602,951.36,P72,2000
680,19:15:31.022982,175,MSFT,Open,S,33133,64.87,P72,2000
681,19:25:27.719945,265,AAPL,Canceled,S,40064,148.53,P72,2000
682,19:27:36.089767,333,GOOG,Filled,S,37066,613.17,P72,5000
683,19:30:29.313407,83,AAPL,Filled,S,36931,210.88,P72,1000
684,19:40:57.890699,452,GOOG,Open,S,14039,705.21,P72,5000
685,19:41:21.495355,320,GOOG,Open,S,37274,809.66,P72,5000
686,19:45:12.913508,195,GOOG,Open,B,12130,358.7,P72,2000
687,19:54:03.480104,318,GOOG,Filled,B,34194,801.43,P72,5000
688,19:54:28.026380,434,GOOG,Open,B,12650,664.52,P72,5000
689,20:02:52.843286,164,GOOG,Open,S,47271,800.27,P72,2000
690,20:14:40.747977,373,GOOG,Open,S,40842,1370.33,P72,5000
691,20:21:25.189592,440,GOOG,Filled,S,38260,813.23,P72,5000
692,20:23:39.802921,410,GOOG,Open,S,39157,1087.22,P72,5000
693,20:30:07.436099,97,AAPL,Open,B,18257,64.32,P72,1000
694,20:31:17.411864,138,GOOG,Open,S,23883,682.72,P72,2000
695,20:37:49.397200,75,GOOG,Open,S,2290,529.84,P72,1000
696,20:48:39.726810,421,GOOG,Canceled,S,37985,720.22,P72,5000
697,20:54:24.932086,132,GOOG,Open,S,7501,1262.98,P72,2000
698,20:55:21.980461,153,GOOG,Open,S,4840,815.94,P72,2000
699,20:56:50.055937,153,GOOG,Open,B,11138,814.96,P72,2000
700,21:09:08.500459,202,AAPL,Open,B,44904,81.57,P72,2000
701,21:09:40.390100,42,GOOG,Open,S,23915,1074.02,P72,1000
702,21:14:08.324411,262,AAPL,Canceled,S,44945,265.34,P72,2000
703,21:17:45.252782,486,AAPL,Open,S,23055,125.12,P72,5000
704,21:29:46.230995,424,AAPL,Open,S,39203,153.56,P72,5000
705,21:38:10.353725,424,AAPL,Canceled,B,41839,114.29,P72,5000
706,21:46:22.862519,398,GOOG,Filled,S,25036,394.67,P72,5000
707,21:54:14.470631,374,AAPL,Open,B,9320,133.46,P72,5000
708,22:00:52.493667,160,MSFT,Filled,S,46881,82.03,P72,2000
709,22:13:24.535006,215,GOOG,Open,S,1437,1133.06,P72,2000
710,22:19:38.366450,264,GOOG,Filled,B,46055,744.47,P72,2000
711,22:26:22.466209,311,MSFT,Filled,S,48339,64.94,P72,5000
712,22:40:39.187427,168,GOOG,Open,S,45426,998.34,P72,2000
713,22:52:36.234148,480,GOOG,Filled,S,5419,668.42,P72,5000
714,23:05:44.765365,412,GOOG,Open,S,31118,1158.13,P72,5000
715,23:19:44.512505,185,GOOG,Open,S,41395,914.13,P72,2000
716,23:32:44.616422,342,MSFT,Open,S,10206,63.46,P72,5000
717,23:42:44.689574,370,MSFT,Open,S,43929,68.18,P72,5000
718,23:57:05.455481,102,MSFT,Canceled,S,45128,61.94,P72,2000
719,00:02:01.287684,103,GOOG,Filled,B,28377,497.9,P72,2000
720,00:07:23.984572,319,GOOG,Filled,S,475,770.96,P72,5000
721,00:16:00.094468,246,MSFT,Open,B,48509,57.62,P72,2000
722,00:20:43.039805,270,AAPL,Open,S,44605,219.63,P72,2000
723,00:29:01.080833,113,GOOG,Canceled,S,18926,828.63,P72,2000
724,00:34:14.598126,11,GOOG,Open,S,19078,868.1,P72,1000
725,00:46:02.936047,91,GOOG,Open,B,20263,622.51,P72,1000
726,00:47:47.480353,137,GOOG,Filled,S,10863,695.77,P72,2000
727,01:00:03.247287,427,MSFT,Canceled,B,35573,72.06,P72,5000
728,01:09:46.808111,410,GOOG,Filled,B,17729,1022.68,P72,5000
729,01:12:28.010735,34,GOOG,Open,S,32991,542.9,P72,1000
730,01:12:47.280076,475,AAPL,Open,S,22159,159.31,P72,5000
731,01:19:48.115878,191,GOOG,Open,S,6262,582.8,P72,2000
732,01:25:15.519115,390,MSFT,Canceled,S,31251,64.25,P72,5000
733,01:32:40.994617,372,GOOG,Canceled,S,36752,979.61,P72,5000
734,01:33:35.105650,117,GOOG,Open,S,28405,759.58,P72,2000
735,01:34:54.677589,419,GOOG,Open,S,2425,902.9,P72,5000
736,01:40:45.727768,44,MSFT,Open,B,11065,52.83,P72,1000
737,01:43:07.217047,17,GOOG,Open,B,49428,1039.58,P72,1000
738,01:50:32.702950,305,AAPL,Filled,S,14938,108.09,P72,5000
739,02:02:59.896360,479,AAPL,Open,S,8261,113.8,P72,5000
740,02:09:21.323552,155,MSFT,Open,S,20304,42.99,P72,2000
741,02:22:06.292844,257,GOOG,Canceled,B,12409,628.14,P72,2000
742,02:22:15.320612,361,GOOG,Open,S,21510,627.77,P72,5000
743,02:25:45.181565,326,GOOG,Filled,B,43702,433.06,P72,5000
744,02:26:45.230032,305,GOOG,Open,S,36439,741.05,P72,5000
745,02:39:37.977730,19,MSFT,Open,B,5661,69.06,P72,1000
746,02:45:06.790889,378,GOOG,Open,B,28379,1241.58,P72,5000
747,02:54:56.392698,111,GOOG,Filled,B,35384,964.02,P72,2000
748,03:05:15.816088,316,GOOG,Open,S,35820,703.42,P72,5000
749,03:13:01.556316,7,MSFT,Open,S,22175,70.02,P72,1000
750,03:15:24.703008,88,MSFT,Open,S,48914,53.65,P72,1000
751,03:24:54.451712,15,MSFT,Open,B,18374,75.95,P72,1000
752,03:25:20.148720,254,GOOG,Open,S,31317,833.73,P72,2000
753,03:26:35.957733,498,GOOG,Open,S,37334,864.48,P72,5000
754,03:30:58.076473,246,GOOG,Open,S,37628,457.02,P72,2000
755,03:39:43.241089,173,GOOG,Open,S,35975,1025.59,P72,2000
756,03:41:51.758178,494,MSFT,Open,S,14984,85.14,P72,5000
757,03:55:31.685185,283,GOOG,Open,B,34164,673.43,P72,2000
758,04:07:59.206843,383,MSFT,Filled,B,46906,50.47,P72,5000
759,04:21:45.702028,134,GOOG,Filled,S,48941,810.96,P72,2000
760,04:28:47.697965,468,MSFT,Filled,S,47289,51,P72,5000
761,04:36:54.512191,215,MSFT,Open,B,36946,44.65,P72,2000
762,04:37:26.204908,56,AAPL,Canceled,S,48428,176.87,P72,1000
763,04:50:05.755317,112,GOOG,Canceled,S,7500,589.32,P72,2000
764,05:01:38.229068,263,MSFT,Canceled,S,17966,60.26,P72,2000
765,05:09:13.417474,117,GOOG,Filled,B,15138,1184.49,P72,2000
766,05:14:25.473734,322,AAPL,Open,S,3520,60.59,P72,5000
767,05:17:28.224778,357,GOOG,Open,B,159,1202.18,P72,5000
768,05:19:00.855162,207,GOOG,Canceled,B,16451,1204.8,P72,2000
769,05:24:49.182965,314,GOOG,Canceled,S,37646,493.07,P72,5000
770,05:31:53.236436,286,GOOG,Filled,B,37371,1285.91,P72,2000
771,05:43:21.953672,118,GOOG,Canceled,B,19197,1086.74,P72,2000
772,05:45:31.120042,460,MSFT,Open,S,27670,52.36,P72,5000
773,05:57:15.616440,428,MSFT,Open,S,42282,86.15,P72,5000
774,06:03:33.279939,269,MSFT,Canceled,S,44146,38.46,P72,2000
775,06:05:05.300499,392,GOOG,Filled,S,41092,891.22,P72,5000
776,06:18:18.650058,283,GOOG,Open,S,26230,312.77,P72,2000
777,06:30:12.895003,290,AAPL,Open,S,18124,193.34,P72,2000
778,06:36:08.003072,143,GOOG,Open,S,32054,841.65,P72,2000
779,06:49:15.499970,164,GOOG,Open,S,30627,1119.88,P72,2000
780,06:58:53.175550,144,GOOG,Canceled,S,28044,1002.48,P72,2000
781,07:05:03.233385,371,MSFT,Filled,B,27868,62.56,P72,5000
782,07:12:56.413007,311,GOOG,Open,S,18030,1076.23,P72,5000
783,07:15:26.585291,311,AAPL,Open,S,41342,115.67,P72,5000
784,07:16:18.135482,153,AAPL,Filled,S,20502,172.28,P72,2000
785,07:30:03.912013,21,GOOG,Canceled,S,2662,658.03,P72,1000
786,07:43:06.039455,92,GOOG,Filled,S,611,633.77,P72,1000
787,07:48:18.996888,208,GOOG,Open,S,20475,611,P72,2000
788,07:50:18.512707,286,GOOG,Canceled,S,35641,699.66,P72,2000
789,08:03:09.799603,138,GOOG,Canceled,S,28991,888,P72,2000
790,08:09:45.344965,291,MSFT,Canceled,S,12710,43.13,P72,2000
791,08:18:19.375824,9,GOOG,Canceled,S,8976,801.7,P72,1000
792,08:18:55.000410,347,GOOG,Open,S,30190,626.03,P72,5000
793,08:25:05.982515,107,GOOG,Open,S,9630,657.96,P72,2000
794,08:35:00.107335,44,GOOG,Open,B,15513,404.07,P72,1000
795,08:43:36.656695,188,AAPL,Open,S,44548,68.24,P72,2000
796,08:48:22.748804,13,GOOG,Open,B,13548,851.15,P72,1000
797,08:55:09.672044,107,GOOG,Open,S,33210,783.92,P72,2000
798,08:59:05.857364,468,GOOG,Canceled,B,6128,658.84,P72,5000
799,08:59:34.096178,376,AAPL,Canceled,S,17926,65.22,P72,5000
800,09:08:47.040840,33,AAPL,Open,B,29038,82.06,P72,1000
801,09:13:15.075099,302,AAPL,Open,B,39174,105.19,P72,5000
802,09:24:49.470795,247,MSFT,Filled,B,37303,58.47,P72,2000
803,09:33:56.497257,482,AAPL,Canceled,S,18995,125.8,P72,5000
804,09:36:44.417259,75,AAPL,Open,S,44966,141.45,P72,1000
805,09:49:28.845572,306,GOOG,Open,S,27496,1000.85,P72,5000
806,09:50:12.258600,91,GOOG,Open,S,255,560.51,P72,1000
807,09:50:45.519755,243,GOOG,Open,S,19892,1107.15,P72,2000
808,09:57:07.020543,235,AAPL,Canceled,S,10744,152.4,P72,2000
809,10:04:19.512253,387,GOOG,Canceled,S,21714,916.26,P72,5000
810,10:08:00.225531,453,GOOG,Open,B,26933,1308.04,P72,5000
811,10:12:45.108661,130,GOOG,Open,B,26904,768.91,P72,2000
812,10:21:42.808927,339,GOOG,Open,B,28562,737.79,P72,5000
813,10:32:30.324869,254,MSFT,Canceled,S,38967,27.4,P72,2000
814,10:40:12.291890,156,MSFT,Open,B,23468,75.84,P72,2000
815,10:41:06.803438,393,GOOG,Filled,S,11214,749.72,P72,5000
816,10:43:27.103028,58,MSFT,Open,B,11148,67.5,P72,1000
817,10:52:44.263307,254,GOOG,Open,S,43032,493.95,P72,2000
818,11:01:44.087930,454,AAPL,Open,S,12413,135.45,P72,5000
819,11:14:20.528353,119,GOOG,Canceled,S,15805,770.69,P72,2000
820,11:27:09.660337,10,MSFT,Canceled,S,4811,71.98,P72,1000
821,11:38:51.858979,6,GOOG,Filled,S,45894,802.91,P72,1000
822,11:41:25.808823,225,GOOG,Canceled,S,23957,991.62,P72,2000
823,11:47:32.968667,473,GOOG,Open,S,23100,1107.97,P72,5000
824,11:58:46.029713,175,GOOG,Open,S,26857,936.74,P72,2000
825,12:01:50.610664,427,GOOG,Open,B,40049,729.52,P72,5000
826,12:12:59.162467,39,AAPL,Open,S,29362,251.24,P72,1000
827,12:16:27.839515,432,GOOG,Open,S,3550,949.32,P72,5000
828,12:26:41.929617,198,GOOG,Filled,S,36677,997.56,P72,2000
829,12:33:22.516118,323,GOOG,Canceled,S,46017,843.42,P72,5000
830,12:41:51.711853,444,GOOG,Open,S,1216,581.53,P72,5000
831,12:41:54.218351,76,GOOG,Canceled,S,33250,1063.66,P72,1000
832,12:43:29.261065,279,GOOG,Canceled,S,17846,1272.46,P72,2000
833,12:49:13.946547,21,MSFT,Open,B,43372,71.82,P72,1000
834,12:53:15.302493,195,AAPL,Canceled,S,3447,95.61,P72,2000
835,13:01:23.382597,443,GOOG,Canceled,S,16588,872.31,P72,5000
836,13:06:23.844530,396,GOOG,Open,S,19007,1286.24,P72,5000
837,13:17:37.875100,191,AAPL,Canceled,S,28610,168.72,P72,2000
838,13:17:48.810695,91,GOOG,Filled,S,35549,457.68,P72,1000
839,13:22:43.277638,370,AAPL,Filled,S,14482,40.68,P72,5000
840,13:34:36.474484,449,GOOG,Open,S,31964,879.21,P72,5000
841,13:34:57.246180,249,GOOG,Open,S,8478,953.73,P72,2000
842,13:40:43.175264,375,GOOG,Open,S,35620,854.66,P72,5000
843,13:47:33.029604,32,GOOG,Canceled,B,25471,953.21,P72,1000
844,13:50:03.215199,267,MSFT,Open,S,1692,82.11,P72,2000
845,14:00:22.676107,44,MSFT,Filled,S,6737,40.19,P72,1000
846,14:09:40.724464,142,GOOG,Canceled,S,1043,591.56,P72,2000
847,14:11:04.127907,123,MSFT,Canceled,S,9853,91.78,P72,2000
848,14:21:53.802913,261,MSFT,Open,B,28789,84.81,P72,2000
849,14:24:50.654981,122,GOOG,Filled,S,12915,822.95,P72,2000
850,14:29:21.719688,149,MSFT,Filled,S,39823,63.92,P72,2000
851,14:41:08.948204,88,GOOG,Open,S,43803,799.54,P72,1000
852,14:45:57.110754,342,GOOG,Filled,S,49707,782.7,P72,5000
853,14:57:54.801503,27,GOOG,Canceled,S,14990,1075.28,P72,1000
854,15:04:21.625164,442,GOOG,Open,S,18495,759.9,P72,5000
855,15:13:09.079790,464,GOOG,Filled,S,32744,721.12,P72,5000
856,15:21:26.788958,143,MSFT,Canceled,S,14194,69.84,P72,2000
857,15:34:53.286229,123,AAPL,Open,S,188,149.12,P72,2000
858,15:35:42.542598,205,GOOG,Canceled,S,48232,1217.36,P72,2000
859,15:46:25.005273,396,AAPL,Filled,S,39509,224.22,P72,5000
860,15:47:02.003077,147,MSFT,Canceled,S,15731,62.23,P72,2000
861,15:47:50.231391,446,GOOG,Filled,B,15214,1022.3,P72,5000
862,15:57:50.652797,31,GOOG,Open,B,37408,980.06,P72,1000
863,16:11:53.618128,444,AAPL,Open,S,20620,106.63,P72,5000
864,16:18:58.731994,398,GOOG,Open,S,3579,945.15,P72,5000
865,16:20:13.940084,121,AAPL,Open,B,22125,92.21,P72,2000
866,16:30:18.719650,271,MSFT,Filled,B,21205,65.15,P72,2000
867,16:44:06.672592,489,MSFT,Open,B,33507,61.1,P72,5000
868,16:44:39.163757,416,MSFT,Open,S,12325,50.96,P72,5000
869,16:49:04.862314,410,GOOG,Filled,S,12216,1181.31,P72,5000
870,16:50:06.784945,477,MSFT,Open,S,18952,76.5,P72,5000
871,16:55:08.701465,299,GOOG,Open,S,10192,916.24,P72,2000
872,17:05:43.807072,114,GOOG,Canceled,S,4917,266.29,P72,2000
873,17:11:49.003674,191,AAPL,Open,S,42055,140.82,P72,2000
874,17:18:50.777394,294,AAPL,Open,S,15799,52.38,P72,2000
875,17:29:11.192801,208,GOOG,Open,B,18628,488.43,P72,2000
876,17:30:51.394295,5,GOOG,Open,S,30727,915.72,P72,1000
877,17:40:17.149603,102,GOOG,Open,S,21420,882.25,P72,2000
878,17:51:51.311233,343,AAPL,Open,B,35855,82,P72,5000
879,18:03:55.292865,115,GOOG,Open,S,33745,379.23,P72,2000
880,18:14:37.014913,248,GOOG,Open,S,3994,900.47,P72,2000
881,18:20:36.758459,368,MSFT,Filled,S,42414,59.56,P72,5000
882,18:29:32.687226,59,GOOG,Open,B,2014,1008.26,P72,1000
883,18:32:47.118569,343,GOOG,Open,S,11383,1175.71,P72,5000
884,18:41:41.081613,341,MSFT,Filled,S,10450,59.05,P72,5000
885,18:45:00.776601,379,GOOG,Canceled,S,7292,1120.37,P72,5000
886,18:50:22.705293,214,GOOG,Open,S,19088,1264.49,P72,2000
887,18:56:58.032749,266,GOOG,Open,S,42995,571.63,P72,2000
888,19:09:41.205589,245,GOOG,Filled,S,21814,550.65,P72,2000
889,19:17:47.047478,64,GOOG,Canceled,S,581,824.88,P72,1000
890,19:30:38.685712,345,GOOG,Open,B,35648,873.66,P72,5000
891,19:33:58.457034,192,MSFT,Filled,B,14063,25.1,P72,2000
892,19:34:51.209039,62,MSFT,Filled,S,34358,65.88,P72,1000
893,19:48:03.073429,288,MSFT,Canceled,B,19767,54.3,P72,2000
894,19:48:58.698133,196,GOOG,Open,B,6543,831.27,P72,2000
895,19:53:15.383785,297,MSFT,Open,B,6943,82.67,P72,2000
896,19:58:06.757696,108,GOOG,Open,S,48658,880.82,P72,2000
897,20:06:34.272897,148,GOOG,Open,S,32615,905.49,P72,2000
898,20:12:16.527310,453,GOOG,Open,B,39740,897.88,P72,5000
899,20:13:15.682085,53,MSFT,Canceled,S,39328,62.73,P72,1000
900,20:15:00.975795,198,AAPL,Canceled,B,45140,162.98,P72,2000
901,20:17:06.323958,404,MSFT,Filled,S,28033,69.75,P72,5000
902,20:18:18.518207,400,GOOG,Open,S,17258,781.26,P72,5000
903,20:19:12.242175,111,GOOG,Open,S,39365,904.86,P72,2000
904,20:21:57.098743,428,GOOG,Open,S,13493,646.03,P72,5000
905,20:33:51.002724,165,MSFT,Canceled,B,13400,76.28,P72,2000
906,20:46:13.223865,357,GOOG,Open,S,38716,943.08,P72,5000
907,20:47:25.882941,500,GOOG,Canceled,S,26603,952.56,P72,5000
908,20:49:00.166942,102,GOOG,Filled,S,41524,795.89,P72,2000
909,20:58:46.965508,402,GOOG,Open,S,11815,1070.67,P72,5000
910,21:03:28.051522,89,GOOG,Canceled,S,13194,595.42,P72,1000
911,21:07:34.612647,46,MSFT,Open,S,29559,54.62,P72,1000
912,21:13:26.393930,394,MSFT,Canceled,S,37889,30.56,P72,5000
913,21:26:07.078974,376,GOOG,Canceled,S,39463,738.63,P72,5000
914,21:30:34.316837,321,MSFT,Open,S,35780,36.18,P72,5000
915,21:43:31.176308,52,GOOG,Open,S,35373,885.91,P72,1000
916,21:44:33.737670,398,GOOG,Open,S,46091,1012.73,P72,5000
917,21:51:14.779090,72,GOOG,Filled,S,12197,938.94,P72,1000
918,22:02:46.186189,402,GOOG,Canceled,S,37667,751.6,P72,5000
919,22:08:07.068641,481,AAPL,Open,S,6627,155,P72,5000
920,22:17:58.530880,68,GOOG,Canceled,S,31853,887.37,P72,1000
921,22:30:56.689189,432,GOOG,Open,S,26883,571.14,P72,5000
922,22:45:09.021819,105,GOOG,Open,B,30424,602.55,P72,2000
923,22:53:47.634981,231,GOOG,Open,B,19954,635.63,P72,2000
924,23:05:21.930656,376,AAPL,Open,S,16062,93.09,P72,5000
925,23:05:48.254314,305,GOOG,Open,S,23631,764.93,P72,5000
926,23:13:49.689233,99,GOOG,Open,S,28549,466.66,P72,1000
927,23:21:53.851832,342,GOOG,Open,S,29103,1202.48,P72,5000
928,23:24:59.774563,147,GOOG,Open,S,32510,1218.37,P72,2000
929,23:31:21.631145,472,AAPL,Open,S,4950,151.73,P72,5000
930,23:32:57.843588,496,GOOG,Canceled,S,22854,1021.65,P72,5000
931,23:36:09.819605,298,GOOG,Canceled,S,32089,614.02,P72,2000
932,23:40:10.568810,80,MSFT,Open,S,4416,47.18,P72,1000
933,23:43:38.748909,51,GOOG,Open,B,8094,578.55,P72,1000
934,23:49:42.066736,235,GOOG,Open,S,41407,1089.86,P72,2000
935,23:57:34.030306,67,GOOG,Filled,S,46370,761.54,P72,1000
936,00:03:55.568442,359,AAPL,Open,S,14214,81.9,P72,5000
937,00:14:55.653721,196,GOOG,Open,S,10986,981.06,P72,2000
938,00:28:11.253824,291,MSFT,Canceled,S,42394,23.08,P72,2000
939,00:30:39.671111,317,GOOG,Open,B,9611,772.74,P72,5000
940,00:31:18.945971,426,MSFT,Filled,S,7058,40.77,P72,5000
941,00:44:33.037133,211,GOOG,Open,S,6559,535.57,P72,2000
942,00:52:48.550274,138,GOOG,Open,S,46740,750.75,P72,2000
943,00:54:52.320562,106,GOOG,Open,S,48855,856.74,P72,2000
944,01:01:25.540329,475,GOOG,Canceled,S,11017,590.05,P72,5000
945,01:14:06.283976,16,MSFT,Open,S,3738,82.95,P72,1000
946,01:23:01.047971,489,GOOG,Open,S,25393,1367.29,P72,5000
947,01:29:29.442293,186,GOOG,Open,B,29787,784.92,P72,2000
948,01:37:27.285866,442,MSFT,Open,B,4670,46.37,P72,5000
949,01:48:05.279008,310,GOOG,Open,S,31878,415.94,P72,5000
950,01:54:19.718569,324,GOOG,Open,B,23706,1034.93,P72,5000
951,01:59:21.923882,129,AAPL,Filled,B,36175,92.06,P72,2000
952,02:12:06.221010,140,MSFT,Open,B,41296,100.44,P72,2000
953,02:19:00.555712,309,AAPL,Open,S,15355,-64.17,P72,5000
954,02:20:28.821030,495,GOOG,Filled,S,11860,934.57,P72,5000
955,02:32:14.677882,158,GOOG,Open,S,28244,676.8,P72,2000
956,02:42:07.100537,323,AAPL,Open,S,36597,79.03,P72,5000
957,02:47:09.317490,67,MSFT,Canceled,S,26514,27.08,P72,1000
958,02:53:01.457762,171,MSFT,Canceled,S,16107,71.87,P72,2000
959,02:55:35.150798,475,GOOG,Open,S,48729,846.85,P72,5000
960,03:07:29.215662,351,GOOG,Open,S,24246,798.38,P72,5000
961,03:15:40.495548,465,AAPL,Open,B,23047,237.19,P72,5000
962,03:17:02.321821,354,GOOG,Open,S,38972,991.77,P72,5000
963,03:19:51.005676,287,GOOG,Open,S,37571,966.05,P72,2000
964,03:33:53.568266,86,AAPL,Open,S,45721,163.32,P72,1000
965,03:39:49.704521,413,GOOG,Open,S,9935,713.64,P72,5000
966,03:41:29.856111,112,GOOG,Open,S,30573,866.51,P72,2000
967,03:49:41.638716,402,GOOG,Open,S,21301,789.78,P72,5000
968,03:56:08.788390,16,MSFT,Open,B,34739,40.61,P72,1000
969,04:06:38.287328,140,AAPL,Canceled,B,18492,66.88,P72,2000
970,04:12:28.446772,91,GOOG,Canceled,B,8954,1074.28,P72,1000
971,04:15:51.661459,162,AAPL,Open,S,8612,181.67,P72,2000
972,04:25:22.484161,63,GOOG,Open,S,1504,676.12,P72,1000
973,04:26:10.647835,464,GOOG,Open,S,17617,864.44,P72,5000
974,04:39:20.776563,462,GOOG,Open,S,40680,526.78,P72,5000
975,04:52:56.168647,18,GOOG,Open,S,253,981.03,P72,1000
976,05:04:06.309876,477,MSFT,Open,S,30937,68.23,P72,5000
977,05:13:13.779750,297,GOOG,Filled,S,22845,902.64,P72,2000
978,05:20:53.320438,66,GOOG,Open,S,31625,562.46,P72,1000
979,05:30:25.452073,2,GOOG,Open,B,5360,686.84,P72,1000
980,05:32:09.206180,206,MSFT,Canceled,S,25359,59.74,P72,2000
981,05:44:21.707876,260,GOOG,Open,B,48708,734.53,P72,2000
982,05:50:53.786412,9,GOOG,Open,S,26489,766.77,P72,1000
983,06:02:16.943611,143,GOOG,Filled,S,13854,698.77,P72,2000
984,06:13:36.051441,204,GOOG,Open,S,39518,988.44,P72,2000
985,06:23:27.371261,310,GOOG,Open,S,11274,914,P72,5000
986,06:34:54.522952,236,AAPL,Open,S,16951,137.62,P72,2000
987,06:43:46.759824,422,GOOG,Canceled,B,17969,374.99,P72,5000
988,06:51:54.757362,238,GOOG,Open,S,5928,1172.22,P72,2000
989,07:02:56.353618,158,GOOG,Open,B,34887,605.53,P72,2000
990,07:05:31.747611,391,GOOG,Open,S,26695,610.28,P72,5000
991,07:10:27.931315,421,GOOG,Open,S,35667,942.56,P72,5000
992,07:14:34.405608,367,GOOG,Canceled,B,4750,1291.54,P72,5000
993,07:21:18.038343,20,AAPL,Open,S,30397,168.89,P72,1000
994,07:32:10.865347,36,GOOG,Open,S,2002,665.33,P72,1000
995,07:40:35.782030,253,MSFT,Open,S,34958,74.62,P72,2000
996,07:51:01.215194,430,MSFT,Open,S,34734,94.93,P72,5000
997,08:00:32.355702,70,GOOG,Open,S,17383,1155.88,P72,1000
998,08:02:53.998752,33,AAPL,Open,S,11074,132.97,P72,1000
999,08:07:16.977286,28,MSFT,Open,S,48738,72.24,P72,1000
1000,08:08:19.117641,296,GOOG,Open,S,13386,865.79,P72,2000
